{
    "accuracy": 0.8132102272727273,
    "precision": 0.6774193548387096,
    "recall": 0.5630026809651475,
    "f1_score": 0.6149341142020498,
    "roc_auc": 0.8546049138076182
}