{
    "accuracy": 0.8040260509177027,
    "precision": 0.6666666666666666,
    "recall": 0.5482456140350878,
    "f1_score": 0.601684717208183,
    "roc_auc": 0.8519114341002547
}